,Idx,Open,High,Low,Close,Volume,Date
151,151,109.965,109.965,109.65,109.65,2600,2021-01-21 09:30:00-05:00
151,151,109.965,109.965,109.65,109.65,2600,2021-01-21 09:31:00-05:00
152,152,109.6,109.8,109.17,109.8,7009,2021-01-21 09:32:00-05:00
153,153,109.845,110.07,109.03,109.12,18290,2021-01-21 09:33:00-05:00
154,154,109.01,109.36,108.04,108.04,39573,2021-01-21 09:34:00-05:00
155,155,108.08,108.3,107.99,108.21,49496,2021-01-21 09:35:00-05:00
156,156,108.2,108.32,108.03,108.275,16136,2021-01-21 09:36:00-05:00
157,157,108.28,108.51,108.18,108.5,7194,2021-01-21 09:37:00-05:00
158,158,108.525,108.76,108.42,108.51,15924,2021-01-21 09:38:00-05:00
159,159,108.455,108.59,108.0904,108.55,19084,2021-01-21 09:39:00-05:00
160,160,108.58,108.59,107.78,107.89,99412,2021-01-21 09:40:00-05:00
161,161,107.87,108.08,107.87,108.07,4848,2021-01-21 09:41:00-05:00
162,162,108.09,108.15,107.64,107.69,29331,2021-01-21 09:42:00-05:00
163,163,107.72,108.0,107.66,107.78,26073,2021-01-21 09:43:00-05:00
164,164,107.78,107.84,107.58,107.6,30790,2021-01-21 09:44:00-05:00
165,165,107.52,107.63,107.41,107.63,12423,2021-01-21 09:45:00-05:00
166,166,107.66,107.7,107.31,107.4,23680,2021-01-21 09:46:00-05:00
167,167,107.39,107.53,107.18,107.18,17856,2021-01-21 09:47:00-05:00
168,168,107.225,107.4,107.12,107.305,45709,2021-01-21 09:48:00-05:00
169,169,107.39,107.5,107.085,107.125,26139,2021-01-21 09:49:00-05:00
170,170,107.125,107.53,107.05,107.39,25963,2021-01-21 09:50:00-05:00
171,171,107.42,107.56,107.19,107.56,17576,2021-01-21 09:51:00-05:00
172,172,107.48,107.71,107.23,107.31,43211,2021-01-21 09:52:00-05:00
173,173,107.31,107.51,107.1,107.205,41513,2021-01-21 09:53:00-05:00
174,174,107.16,107.42,107.14,107.22,20192,2021-01-21 09:54:00-05:00
175,175,107.14,107.3148,107.09,107.255,18482,2021-01-21 09:55:00-05:00
176,176,107.22,107.3718,107.2,107.32,7324,2021-01-21 09:56:00-05:00
177,177,107.32,107.6,107.32,107.34,13519,2021-01-21 09:57:00-05:00
178,178,107.34,107.4,107.2164,107.315,12521,2021-01-21 09:58:00-05:00
179,179,107.24,107.39,107.0,107.27,22165,2021-01-21 09:59:00-05:00
180,180,107.27,107.345,107.12,107.205,5975,2021-01-21 10:00:00-05:00
181,181,107.21,107.52,107.13,107.24,41820,2021-01-21 10:01:00-05:00
182,182,107.24,107.35,107.17,107.17,8899,2021-01-21 10:02:00-05:00
183,183,107.14,107.29,107.07,107.22,5750,2021-01-21 10:03:00-05:00
184,184,107.225,107.4,107.225,107.39,3637,2021-01-21 10:04:00-05:00
185,185,107.39,107.55,107.37,107.5,7178,2021-01-21 10:05:00-05:00
186,186,107.48,107.6,107.23,107.45,19556,2021-01-21 10:06:00-05:00
187,187,107.46,107.48,107.31,107.365,7678,2021-01-21 10:07:00-05:00
188,188,107.355,107.4304,107.35,107.38,4241,2021-01-21 10:08:00-05:00
189,189,107.43,107.48,107.31,107.31,6889,2021-01-21 10:09:00-05:00
190,190,107.3,107.3,107.13,107.24,4361,2021-01-21 10:10:00-05:00
191,191,107.29,107.4,107.255,107.4,2609,2021-01-21 10:11:00-05:00
192,192,107.2677,107.48,107.2677,107.4,1580,2021-01-21 10:12:00-05:00
193,193,107.42,107.63,107.42,107.57,98403,2021-01-21 10:13:00-05:00
194,194,107.51,107.77,107.5,107.73,6624,2021-01-21 10:14:00-05:00
195,195,107.79,107.8994,107.71,107.8994,7675,2021-01-21 10:15:00-05:00
196,196,107.913,108.14,107.8688,108.14,3351,2021-01-21 10:16:00-05:00
197,197,108.15,108.15,108.01,108.12,12132,2021-01-21 10:17:00-05:00
198,198,108.18,108.24,108.125,108.23,4596,2021-01-21 10:18:00-05:00
199,199,108.27,108.31,108.22,108.25,5169,2021-01-21 10:19:00-05:00
200,200,108.27,108.37,108.22,108.37,6079,2021-01-21 10:20:00-05:00
201,201,108.505,108.54,108.35,108.36,6855,2021-01-21 10:21:00-05:00
202,202,108.37,108.6085,108.365,108.6085,4135,2021-01-21 10:22:00-05:00
203,203,108.58,108.9,108.58,108.85,5231,2021-01-21 10:23:00-05:00
204,204,108.79,108.95,108.7497,108.7497,5782,2021-01-21 10:24:00-05:00
205,205,108.77,108.93,108.72,108.72,16622,2021-01-21 10:25:00-05:00
206,206,108.78,108.8,108.63,108.64,13258,2021-01-21 10:26:00-05:00
207,207,108.64,108.85,108.64,108.85,21650,2021-01-21 10:27:00-05:00
208,208,108.8,108.9,108.76,108.875,15937,2021-01-21 10:28:00-05:00
209,209,108.9,108.91,108.69,108.71,5827,2021-01-21 10:29:00-05:00
210,210,108.73,108.79,108.4058,108.44,9057,2021-01-21 10:30:00-05:00
211,211,108.515,108.6,108.515,108.54,2540,2021-01-21 10:31:00-05:00
212,212,108.49,108.55,108.42,108.51,1100,2021-01-21 10:32:00-05:00
213,213,108.59,108.64,108.54,108.57,7398,2021-01-21 10:33:00-05:00
214,214,108.56,108.6,108.52,108.52,2224,2021-01-21 10:34:00-05:00
215,215,108.41,108.41,108.27,108.27,1720,2021-01-21 10:35:00-05:00
216,216,108.305,108.305,108.135,108.28,3311,2021-01-21 10:36:00-05:00
217,217,108.235,108.4,108.235,108.36,21776,2021-01-21 10:37:00-05:00
218,218,108.3,108.435,108.2683,108.31,8117,2021-01-21 10:38:00-05:00
219,219,108.31,108.33,108.285,108.325,3200,2021-01-21 10:39:00-05:00
220,220,108.36,108.38,108.29,108.29,4399,2021-01-21 10:40:00-05:00
221,221,108.28,108.31,108.15,108.15,2854,2021-01-21 10:41:00-05:00
222,222,108.13,108.22,108.04,108.22,2270,2021-01-21 10:42:00-05:00
223,223,108.33,108.33,108.26,108.28,1400,2021-01-21 10:43:00-05:00
224,224,108.27,108.27,108.19,108.19,1440,2021-01-21 10:44:00-05:00
225,225,108.24,108.28,108.19,108.26,3371,2021-01-21 10:45:00-05:00
226,226,108.2947,108.2947,108.21,108.24,12862,2021-01-21 10:46:00-05:00
227,227,108.24,108.54,108.24,108.3967,22505,2021-01-21 10:47:00-05:00
228,228,108.377,108.575,108.34,108.575,17870,2021-01-21 10:48:00-05:00
229,229,108.53,108.64,108.53,108.57,1000,2021-01-21 10:49:00-05:00
230,230,108.565,108.7297,108.565,108.675,2012,2021-01-21 10:50:00-05:00
231,231,108.74,108.75,108.63,108.655,3082,2021-01-21 10:51:00-05:00
232,232,108.66,108.66,108.64,108.64,515,2021-01-21 10:52:00-05:00
233,233,108.67,108.77,108.67,108.725,1200,2021-01-21 10:53:00-05:00
234,234,108.71,108.74,108.67,108.7,2600,2021-01-21 10:54:00-05:00
235,235,108.78,108.8,108.67,108.71,3900,2021-01-21 10:55:00-05:00
236,236,108.68,108.74,108.655,108.67,4502,2021-01-21 10:56:00-05:00
237,237,108.64,108.64,108.38,108.405,29066,2021-01-21 10:57:00-05:00
238,238,108.45,108.465,108.3,108.33,4697,2021-01-21 10:58:00-05:00
239,239,108.28,108.29,108.05,108.12,7605,2021-01-21 10:59:00-05:00
240,240,108.13,108.18,107.97,108.155,19443,2021-01-21 11:00:00-05:00
241,241,108.17,108.17,108.02,108.03,6790,2021-01-21 11:01:00-05:00
242,242,108.0,108.05,107.95,107.97,2890,2021-01-21 11:02:00-05:00
243,243,107.94,108.02,107.84,107.84,7931,2021-01-21 11:03:00-05:00
244,244,107.84,107.845,107.71,107.725,22995,2021-01-21 11:04:00-05:00
245,245,107.7,107.75,107.51,107.51,32466,2021-01-21 11:05:00-05:00
246,246,107.53,107.64,107.49,107.595,45207,2021-01-21 11:06:00-05:00
247,247,107.65,107.665,107.45,107.5,27059,2021-01-21 11:07:00-05:00
248,248,107.53,107.56,107.36,107.36,6891,2021-01-21 11:08:00-05:00
249,249,107.385,107.41,107.31,107.39,10327,2021-01-21 11:09:00-05:00
250,250,107.36,107.36,107.2,107.2,7768,2021-01-21 11:10:00-05:00
251,251,107.19,107.33,107.17,107.31,12947,2021-01-21 11:11:00-05:00
252,252,107.345,107.345,107.1,107.1,11349,2021-01-21 11:12:00-05:00
253,253,107.08,107.23,107.08,107.16,23410,2021-01-21 11:13:00-05:00
254,254,107.16,107.36,107.16,107.34,21298,2021-01-21 11:14:00-05:00
255,255,107.315,107.4294,107.26,107.33,7942,2021-01-21 11:15:00-05:00
256,256,107.335,107.335,107.11,107.11,10848,2021-01-21 11:16:00-05:00
257,257,107.155,107.26,107.14,107.2,17005,2021-01-21 11:17:00-05:00
258,258,107.185,107.5,107.1,107.4785,29055,2021-01-21 11:18:00-05:00
259,259,107.45,107.61,107.37,107.61,9472,2021-01-21 11:19:00-05:00
260,260,107.66,107.66,107.49,107.57,6579,2021-01-21 11:20:00-05:00
261,261,107.6,107.86,107.52,107.76,11345,2021-01-21 11:21:00-05:00
262,262,107.85,107.875,107.77,107.775,3717,2021-01-21 11:22:00-05:00
263,263,107.74,107.74,107.58,107.58,2708,2021-01-21 11:23:00-05:00
264,264,107.57,107.575,107.53,107.56,1000,2021-01-21 11:24:00-05:00
265,265,107.585,107.62,107.55,107.58,1700,2021-01-21 11:25:00-05:00
266,266,107.59,107.79,107.59,107.76,3716,2021-01-21 11:26:00-05:00
267,267,107.79,107.84,107.69,107.7547,13645,2021-01-21 11:27:00-05:00
268,268,107.77,107.82,107.75,107.76,900,2021-01-21 11:28:00-05:00
269,269,107.71,107.73,107.605,107.63,6659,2021-01-21 11:29:00-05:00
270,270,107.63,107.72,107.63,107.69,3926,2021-01-21 11:30:00-05:00
271,271,107.69,107.69,107.47,107.47,3201,2021-01-21 11:31:00-05:00
272,272,107.5,107.75,107.5,107.58,19431,2021-01-21 11:32:00-05:00
273,273,107.57,107.57,107.46,107.47,1093,2021-01-21 11:33:00-05:00
274,274,107.4638,107.4729,107.29,107.35,4387,2021-01-21 11:34:00-05:00
275,275,107.36,107.36,107.26,107.33,5319,2021-01-21 11:35:00-05:00
276,276,107.355,107.36,107.28,107.28,8384,2021-01-21 11:36:00-05:00
277,277,107.28,107.31,107.19,107.19,3915,2021-01-21 11:37:00-05:00
278,278,107.21,107.29,107.17,107.29,5061,2021-01-21 11:38:00-05:00
279,279,107.3,107.36,107.29,107.36,7518,2021-01-21 11:39:00-05:00
280,280,107.3647,107.43,107.33,107.33,1592,2021-01-21 11:40:00-05:00
281,281,107.37,107.37,107.34,107.34,1000,2021-01-21 11:41:00-05:00
282,282,107.335,107.7,107.3,107.5633,32906,2021-01-21 11:42:00-05:00
283,283,107.625,107.68,107.58,107.62,3670,2021-01-21 11:43:00-05:00
284,284,107.62,107.69,107.55,107.55,3375,2021-01-21 11:44:00-05:00
285,285,107.52,107.52,107.3,107.3,7969,2021-01-21 11:45:00-05:00
286,286,107.314,107.32,107.16,107.16,1689,2021-01-21 11:46:00-05:00
287,287,107.26,107.27,107.1719,107.18,3285,2021-01-21 11:47:00-05:00
288,288,107.19,107.25,107.12,107.25,5411,2021-01-21 11:48:00-05:00
289,289,107.22,107.76,107.22,107.76,29157,2021-01-21 11:49:00-05:00
290,290,107.765,107.7725,107.66,107.66,5182,2021-01-21 11:50:00-05:00
291,291,107.65,107.73,107.53,107.53,2348,2021-01-21 11:51:00-05:00
292,292,107.53,107.565,107.39,107.43,7310,2021-01-21 11:52:00-05:00
293,293,107.42,107.53,107.42,107.53,6921,2021-01-21 11:53:00-05:00
294,294,107.53,107.69,107.53,107.6,3840,2021-01-21 11:54:00-05:00
295,295,107.58,107.64,107.56,107.59,2244,2021-01-21 11:55:00-05:00
296,296,107.585,107.69,107.56,107.69,3507,2021-01-21 11:56:00-05:00
297,297,107.6832,107.6832,107.63,107.635,1489,2021-01-21 11:57:00-05:00
298,298,107.67,107.67,107.52,107.52,1640,2021-01-21 11:58:00-05:00
299,299,107.53,107.53,107.36,107.42,5118,2021-01-21 11:59:00-05:00
300,300,107.41,107.4748,107.39,107.415,1463,2021-01-21 12:00:00-05:00
301,301,107.38,107.38,107.33,107.365,995,2021-01-21 12:01:00-05:00
302,302,107.33,107.35,107.3,107.3375,2267,2021-01-21 12:02:00-05:00
303,303,107.32,107.39,107.3,107.31,4340,2021-01-21 12:03:00-05:00
304,304,107.38,107.405,107.37,107.37,1907,2021-01-21 12:04:00-05:00
305,305,107.42,107.43,107.36,107.41,3461,2021-01-21 12:05:00-05:00
306,306,107.51,107.64,107.51,107.5934,8108,2021-01-21 12:06:00-05:00
307,307,107.58,107.58,107.44,107.45,3743,2021-01-21 12:07:00-05:00
308,308,107.45,107.45,107.38,107.38,1704,2021-01-21 12:08:00-05:00
309,309,107.35,107.42,107.35,107.39,2663,2021-01-21 12:09:00-05:00
310,310,107.37,107.37,107.23,107.252,2655,2021-01-21 12:10:00-05:00
311,311,107.21,107.21,107.18,107.2,2007,2021-01-21 12:11:00-05:00
312,312,107.19,107.19,107.13,107.14,1533,2021-01-21 12:12:00-05:00
313,313,107.11,107.11,107.07,107.08,962,2021-01-21 12:13:00-05:00
314,314,107.075,107.12,107.07,107.11,3579,2021-01-21 12:14:00-05:00
315,315,107.05,107.06,106.97,106.98,6508,2021-01-21 12:15:00-05:00
316,316,106.98,107.08,106.98,107.055,3755,2021-01-21 12:16:00-05:00
317,317,107.05,107.05,106.94,107.01,5952,2021-01-21 12:17:00-05:00
318,318,107.03,107.04,107.01,107.02,2853,2021-01-21 12:18:00-05:00
319,319,107.02,107.025,106.98,106.98,2100,2021-01-21 12:19:00-05:00
320,320,107.03,107.08,107.03,107.08,200,2021-01-21 12:20:00-05:00
321,321,107.09,107.134,107.06,107.075,2766,2021-01-21 12:21:00-05:00
322,322,107.08,107.09,107.03,107.05,3705,2021-01-21 12:22:00-05:00
323,323,107.09,107.14,107.07,107.07,34177,2021-01-21 12:23:00-05:00
324,324,107.1,107.18,107.07,107.07,10004,2021-01-21 12:24:00-05:00
325,325,107.07,107.1195,106.95,107.02,10680,2021-01-21 12:25:00-05:00
326,326,107.03,107.07,107.02,107.03,3800,2021-01-21 12:26:00-05:00
327,327,107.08,107.1,106.93,106.945,8019,2021-01-21 12:27:00-05:00
328,328,106.93,107.135,106.85,107.05,8860,2021-01-21 12:28:00-05:00
329,329,107.12,107.1701,107.08,107.131,2859,2021-01-21 12:29:00-05:00
330,330,107.1352,107.28,107.135,107.21,7975,2021-01-21 12:30:00-05:00
331,331,107.22,107.25,107.14,107.23,11744,2021-01-21 12:31:00-05:00
332,332,107.22,107.33,107.12,107.225,15565,2021-01-21 12:32:00-05:00
333,333,107.2364,107.31,107.23,107.25,6568,2021-01-21 12:33:00-05:00
334,334,107.29,107.45,107.26,107.39,4572,2021-01-21 12:34:00-05:00
335,335,107.39,107.43,107.39,107.4,2497,2021-01-21 12:35:00-05:00
336,336,107.4,107.51,107.35,107.48,3809,2021-01-21 12:36:00-05:00
337,337,107.4742,107.475,107.46,107.46,2568,2021-01-21 12:37:00-05:00
338,338,107.42,107.43,107.3601,107.43,3227,2021-01-21 12:38:00-05:00
339,339,107.43,107.43,107.36,107.395,1088,2021-01-21 12:39:00-05:00
340,340,107.43,107.45,107.38,107.38,3304,2021-01-21 12:40:00-05:00
341,341,107.4,107.42,107.38,107.38,1700,2021-01-21 12:41:00-05:00
342,342,107.365,107.44,107.34,107.4,2982,2021-01-21 12:42:00-05:00
343,343,107.39,107.45,107.35,107.385,2604,2021-01-21 12:43:00-05:00
344,344,107.38,107.47,107.35,107.47,2539,2021-01-21 12:44:00-05:00
345,345,107.4824,107.4824,107.41,107.41,965,2021-01-21 12:45:00-05:00
346,346,107.4699,107.57,107.44,107.57,5200,2021-01-21 12:46:00-05:00
347,347,107.54,107.64,107.54,107.57,7676,2021-01-21 12:47:00-05:00
348,348,107.53,107.62,107.5202,107.58,6834,2021-01-21 12:48:00-05:00
349,349,107.58,107.62,107.5025,107.62,10822,2021-01-21 12:49:00-05:00
350,350,107.625,107.65,107.51,107.545,8014,2021-01-21 12:50:00-05:00
351,351,107.525,107.54,107.47,107.48,7508,2021-01-21 12:51:00-05:00
352,352,107.52,107.59,107.48,107.59,3395,2021-01-21 12:52:00-05:00
353,353,107.58,107.63,107.58,107.63,600,2021-01-21 12:53:00-05:00
354,354,107.63,107.71,107.615,107.71,7027,2021-01-21 12:54:00-05:00
355,355,107.74,107.74,107.69,107.69,2157,2021-01-21 12:55:00-05:00
356,356,107.69,107.69,107.6,107.63,2399,2021-01-21 12:56:00-05:00
357,357,107.64,107.65,107.53,107.53,3260,2021-01-21 12:57:00-05:00
358,358,107.52,107.555,107.48,107.49,920,2021-01-21 12:58:00-05:00
359,359,107.49,107.5,107.38,107.38,2743,2021-01-21 12:59:00-05:00
360,360,107.37,107.505,107.37,107.47,2987,2021-01-21 13:00:00-05:00
361,361,107.4921,107.4921,107.41,107.44,2589,2021-01-21 13:01:00-05:00
362,362,107.4,107.4,107.33,107.33,300,2021-01-21 13:02:00-05:00
363,363,107.2913,107.2913,107.25,107.29,2366,2021-01-21 13:03:00-05:00
364,364,107.3,107.3,107.25,107.3,2686,2021-01-21 13:04:00-05:00
365,365,107.3,107.39,107.3,107.39,2233,2021-01-21 13:05:00-05:00
366,366,107.38,107.38,107.34,107.34,1867,2021-01-21 13:06:00-05:00
367,367,107.37,107.37,107.21,107.22,1710,2021-01-21 13:07:00-05:00
368,368,107.24,107.3,107.23,107.29,2303,2021-01-21 13:08:00-05:00
369,369,107.32,107.34,107.26,107.275,2525,2021-01-21 13:09:00-05:00
370,370,107.25,107.27,107.24,107.24,3650,2021-01-21 13:10:00-05:00
371,371,107.23,107.25,107.14,107.17,2566,2021-01-21 13:11:00-05:00
372,372,107.14,107.18,107.13,107.13,3106,2021-01-21 13:12:00-05:00
373,373,107.14,107.17,107.12,107.15,3468,2021-01-21 13:13:00-05:00
374,374,107.15,107.18,107.0989,107.115,6863,2021-01-21 13:14:00-05:00
375,375,107.115,107.115,107.02,107.07,4973,2021-01-21 13:15:00-05:00
376,376,107.06,107.09,107.06,107.06,1500,2021-01-21 13:16:00-05:00
377,377,107.05,107.1,107.05,107.08,6548,2021-01-21 13:17:00-05:00
378,378,107.06,107.06,107.0,107.025,3530,2021-01-21 13:18:00-05:00
379,379,107.05,107.06,106.99,107.04,5755,2021-01-21 13:19:00-05:00
380,380,107.04,107.08,106.86,107.005,9788,2021-01-21 13:20:00-05:00
381,381,107.01,107.08,107.01,107.035,2939,2021-01-21 13:21:00-05:00
382,382,107.04,107.07,106.97,106.97,2515,2021-01-21 13:22:00-05:00
383,383,106.965,107.0649,106.93,107.03,3948,2021-01-21 13:23:00-05:00
384,384,107.06,107.11,107.06,107.08,1417,2021-01-21 13:24:00-05:00
385,385,107.06,107.06,106.91,106.97,1820,2021-01-21 13:25:00-05:00
386,386,106.95,106.98,106.94,106.97,6200,2021-01-21 13:26:00-05:00
387,387,106.95,106.96,106.91,106.96,5054,2021-01-21 13:27:00-05:00
388,388,106.96,107.02,106.95,106.99,2260,2021-01-21 13:28:00-05:00
389,389,106.99,106.99,106.9275,106.93,3670,2021-01-21 13:29:00-05:00
390,390,106.905,106.94,106.88,106.94,2826,2021-01-21 13:30:00-05:00
391,391,106.93,106.93,106.9,106.915,1065,2021-01-21 13:31:00-05:00
392,392,106.9,106.91,106.87,106.8978,2753,2021-01-21 13:32:00-05:00
393,393,106.92,106.98,106.9,106.975,5727,2021-01-21 13:33:00-05:00
394,394,106.96,106.98,106.86,106.92,218917,2021-01-21 13:34:00-05:00
395,395,106.93,107.06,106.93,107.05,5768,2021-01-21 13:35:00-05:00
396,396,107.07,107.16,107.07,107.155,4768,2021-01-21 13:36:00-05:00
397,397,107.16,107.2,107.13,107.13,1643,2021-01-21 13:37:00-05:00
398,398,107.13,107.16,107.1,107.16,3661,2021-01-21 13:38:00-05:00
399,399,107.175,107.23,107.15,107.189,1881,2021-01-21 13:39:00-05:00
400,400,107.14,107.145,107.08,107.11,3147,2021-01-21 13:40:00-05:00
401,401,107.1465,107.23,107.1465,107.225,4821,2021-01-21 13:41:00-05:00
402,402,107.23,107.4,107.23,107.33,3491,2021-01-21 13:42:00-05:00
403,403,107.33,107.38,107.31,107.36,4033,2021-01-21 13:43:00-05:00
404,404,107.365,107.49,107.365,107.47,7243,2021-01-21 13:44:00-05:00
405,405,107.48,107.51,107.46,107.49,4543,2021-01-21 13:45:00-05:00
406,406,107.51,107.59,107.465,107.48,10186,2021-01-21 13:46:00-05:00
407,407,107.505,107.51,107.43,107.43,4740,2021-01-21 13:47:00-05:00
408,408,107.435,107.53,107.435,107.53,27305,2021-01-21 13:48:00-05:00
409,409,107.54,107.58,107.53,107.57,26788,2021-01-21 13:49:00-05:00
410,410,107.63,107.72,107.59,107.6,4579,2021-01-21 13:50:00-05:00
411,411,107.62,107.76,107.62,107.76,1633,2021-01-21 13:51:00-05:00
412,412,107.75,107.84,107.74,107.84,1246,2021-01-21 13:52:00-05:00
413,413,107.81,107.81,107.77,107.7758,2920,2021-01-21 13:53:00-05:00
414,414,107.77,107.78,107.72,107.76,2917,2021-01-21 13:54:00-05:00
415,415,107.8,107.85,107.8,107.84,2455,2021-01-21 13:55:00-05:00
416,416,107.85,107.96,107.85,107.96,5575,2021-01-21 13:56:00-05:00
417,417,107.96,107.96,107.895,107.91,7748,2021-01-21 13:57:00-05:00
418,418,107.895,107.96,107.895,107.96,7558,2021-01-21 13:58:00-05:00
419,419,107.96,108.02,107.94,107.94,10893,2021-01-21 13:59:00-05:00
420,420,107.95,107.95,107.9,107.915,1188,2021-01-21 14:00:00-05:00
421,421,107.915,107.925,107.81,107.925,5196,2021-01-21 14:01:00-05:00
422,422,107.92,108.02,107.904,108.02,3396,2021-01-21 14:02:00-05:00
423,423,108.025,108.125,108.025,108.09,4305,2021-01-21 14:03:00-05:00
424,424,108.085,108.12,108.0446,108.075,5348,2021-01-21 14:04:00-05:00
425,425,108.06,108.11,108.06,108.07,4050,2021-01-21 14:05:00-05:00
426,426,108.085,108.24,108.07,108.2,11906,2021-01-21 14:06:00-05:00
427,427,108.2,108.2394,108.19,108.23,2968,2021-01-21 14:07:00-05:00
428,428,108.18,108.23,108.18,108.22,3300,2021-01-21 14:08:00-05:00
429,429,108.21,108.22,108.1798,108.19,1981,2021-01-21 14:09:00-05:00
430,430,108.1812,108.23,108.14,108.15,4095,2021-01-21 14:10:00-05:00
431,431,108.156,108.295,108.15,108.29,3227,2021-01-21 14:11:00-05:00
432,432,108.29,108.43,108.29,108.3101,5595,2021-01-21 14:12:00-05:00
433,433,108.345,108.36,108.34,108.35,730,2021-01-21 14:13:00-05:00
434,434,108.33,108.39,108.325,108.37,2200,2021-01-21 14:14:00-05:00
435,435,108.38,108.44,108.37,108.37,3331,2021-01-21 14:15:00-05:00
436,436,108.38,108.39,108.31,108.34,4791,2021-01-21 14:16:00-05:00
437,437,108.33,108.45,108.3091,108.44,8257,2021-01-21 14:17:00-05:00
438,438,108.44,108.49,108.41,108.41,33198,2021-01-21 14:18:00-05:00
439,439,108.37,108.5,108.37,108.49,47135,2021-01-21 14:19:00-05:00
440,440,108.47,108.47,108.3,108.3,4201,2021-01-21 14:20:00-05:00
441,441,108.3,108.3099,108.2,108.28,2400,2021-01-21 14:21:00-05:00
442,442,108.26,108.29,108.24,108.24,1800,2021-01-21 14:22:00-05:00
443,443,108.25,108.25,108.12,108.195,4505,2021-01-21 14:23:00-05:00
444,444,108.19,108.19,108.14,108.15,2600,2021-01-21 14:24:00-05:00
445,445,108.14,108.17,108.12,108.12,1968,2021-01-21 14:25:00-05:00
446,446,108.11,108.12,108.07,108.1199,2369,2021-01-21 14:26:00-05:00
447,447,108.07,108.11,108.07,108.0744,2430,2021-01-21 14:27:00-05:00
448,448,108.05,108.1338,108.05,108.085,4466,2021-01-21 14:28:00-05:00
449,449,108.1,108.105,108.06,108.105,1281,2021-01-21 14:29:00-05:00
450,450,108.13,108.27,108.13,108.27,16686,2021-01-21 14:30:00-05:00
451,451,108.25,108.363,108.225,108.3,4200,2021-01-21 14:31:00-05:00
452,452,108.26,108.37,108.26,108.37,2480,2021-01-21 14:32:00-05:00
453,453,108.39,108.425,108.39,108.415,1995,2021-01-21 14:33:00-05:00
454,454,108.39,108.4,108.34,108.39,5672,2021-01-21 14:34:00-05:00
455,455,108.41,108.4999,108.41,108.475,1476,2021-01-21 14:35:00-05:00
456,456,108.45,108.56,108.42,108.45,12344,2021-01-21 14:36:00-05:00
457,457,108.44,108.58,108.43,108.57,12692,2021-01-21 14:37:00-05:00
458,458,108.57,108.5828,108.48,108.485,7426,2021-01-21 14:38:00-05:00
459,459,108.48,108.58,108.48,108.57,16866,2021-01-21 14:39:00-05:00
460,460,108.555,108.65,108.53,108.61,23496,2021-01-21 14:40:00-05:00
461,461,108.58,108.59,108.5,108.5,66875,2021-01-21 14:41:00-05:00
462,462,108.5,108.525,108.27,108.41,338072,2021-01-21 14:42:00-05:00
463,463,108.37,108.45,108.37,108.43,5785,2021-01-21 14:43:00-05:00
464,464,108.4,108.43,108.3856,108.41,6850,2021-01-21 14:44:00-05:00
465,465,108.39,108.4,108.38,108.4,1043,2021-01-21 14:45:00-05:00
466,466,108.38,108.65,108.38,108.45,49987,2021-01-21 14:46:00-05:00
467,467,108.435,108.505,108.42,108.435,36927,2021-01-21 14:47:00-05:00
468,468,108.46,108.51,108.3601,108.465,48833,2021-01-21 14:48:00-05:00
469,469,108.47,108.51,108.45,108.5,8035,2021-01-21 14:49:00-05:00
470,470,108.45,108.49,108.45,108.49,2701,2021-01-21 14:50:00-05:00
471,471,108.5,108.5,108.44,108.46,12884,2021-01-21 14:51:00-05:00
472,472,108.48,108.51,108.465,108.495,2603,2021-01-21 14:52:00-05:00
473,473,108.48,108.51,108.36,108.505,11057,2021-01-21 14:53:00-05:00
474,474,108.51,108.51,108.47,108.49,4207,2021-01-21 14:54:00-05:00
475,475,108.49,108.51,108.46,108.48,14764,2021-01-21 14:55:00-05:00
476,476,108.488,108.5,108.45,108.47,4367,2021-01-21 14:56:00-05:00
477,477,108.47,108.5,108.425,108.475,6884,2021-01-21 14:57:00-05:00
478,478,108.47,108.49,108.455,108.455,3908,2021-01-21 14:58:00-05:00
479,479,108.455,108.49,108.45,108.49,4414,2021-01-21 14:59:00-05:00
480,480,108.485,108.605,108.47,108.57,26380,2021-01-21 15:00:00-05:00
481,481,108.57,108.65,108.56,108.61,30856,2021-01-21 15:01:00-05:00
482,482,108.61,108.64,108.53,108.61,55952,2021-01-21 15:02:00-05:00
483,483,108.61,108.62,108.52,108.6,12862,2021-01-21 15:03:00-05:00
484,484,108.6,108.7,108.6,108.695,8668,2021-01-21 15:04:00-05:00
485,485,108.71,108.73,108.64,108.715,21058,2021-01-21 15:05:00-05:00
486,486,108.72,108.79,108.71,108.77,23895,2021-01-21 15:06:00-05:00
487,487,108.76,108.82,108.54,108.54,15746,2021-01-21 15:07:00-05:00
488,488,108.51,108.7,108.34,108.48,14133,2021-01-21 15:08:00-05:00
489,489,108.445,108.58,108.445,108.5,3216,2021-01-21 15:09:00-05:00
490,490,108.55,108.57,108.44,108.44,2988,2021-01-21 15:10:00-05:00
491,491,108.435,108.47,108.38,108.4,4082,2021-01-21 15:11:00-05:00
492,492,108.41,108.425,108.39,108.39,846,2021-01-21 15:12:00-05:00
493,493,108.36,108.365,108.27,108.335,11260,2021-01-21 15:13:00-05:00
494,494,108.335,108.35,108.23,108.2579,14156,2021-01-21 15:14:00-05:00
495,495,108.26,108.32,108.14,108.22,9663,2021-01-21 15:15:00-05:00
496,496,108.22,108.26,108.22,108.24,2200,2021-01-21 15:16:00-05:00
497,497,108.17,108.21,108.07,108.13,11024,2021-01-21 15:17:00-05:00
498,498,108.11,108.2,108.09,108.1,29345,2021-01-21 15:18:00-05:00
499,499,108.13,108.24,108.1,108.14,31434,2021-01-21 15:19:00-05:00
500,500,108.15,108.19,108.09,108.09,7571,2021-01-21 15:20:00-05:00
501,501,108.11,108.11,107.98,107.98,36836,2021-01-21 15:21:00-05:00
502,502,107.96,108.03,107.94,107.9444,10618,2021-01-21 15:22:00-05:00
503,503,107.96,107.96,107.9,107.915,1405,2021-01-21 15:23:00-05:00
504,504,107.9,107.9,107.77,107.83,6651,2021-01-21 15:24:00-05:00
505,505,107.81,107.9,107.8,107.83,10078,2021-01-21 15:25:00-05:00
506,506,107.805,107.807,107.7,107.74,2203,2021-01-21 15:26:00-05:00
507,507,107.705,107.75,107.68,107.73,5224,2021-01-21 15:27:00-05:00
508,508,107.77,107.87,107.74,107.86,6203,2021-01-21 15:28:00-05:00
509,509,107.85,107.88,107.8383,107.85,3798,2021-01-21 15:29:00-05:00
510,510,107.85,107.955,107.84,107.95,7566,2021-01-21 15:30:00-05:00
511,511,107.95,108.07,107.95,107.98,7688,2021-01-21 15:31:00-05:00
512,512,107.975,108.0,107.9716,107.99,5876,2021-01-21 15:32:00-05:00
513,513,107.98,108.08,107.98,108.065,10620,2021-01-21 15:33:00-05:00
514,514,108.08,108.11,108.05,108.06,4483,2021-01-21 15:34:00-05:00
515,515,108.09,108.13,107.995,107.995,7872,2021-01-21 15:35:00-05:00
516,516,107.98,108.035,107.9,108.02,15625,2021-01-21 15:36:00-05:00
517,517,108.02,108.06,108.02,108.05,15814,2021-01-21 15:37:00-05:00
518,518,108.07,108.1,108.03,108.03,3073,2021-01-21 15:38:00-05:00
519,519,108.0201,108.04,107.98,107.995,11516,2021-01-21 15:39:00-05:00
520,520,107.99,108.18,107.98,108.18,8902,2021-01-21 15:40:00-05:00
521,521,108.15,108.24,108.12,108.235,9601,2021-01-21 15:41:00-05:00
522,522,108.235,108.25,108.2,108.2,3869,2021-01-21 15:42:00-05:00
523,523,108.215,108.24,108.2,108.215,5984,2021-01-21 15:43:00-05:00
524,524,108.2142,108.23,108.16,108.18,6605,2021-01-21 15:44:00-05:00
525,525,108.1636,108.18,108.1,108.1,5843,2021-01-21 15:45:00-05:00
526,526,108.11,108.2565,108.09,108.25,11967,2021-01-21 15:46:00-05:00
527,527,108.25,108.27,108.1708,108.175,12204,2021-01-21 15:47:00-05:00
528,528,108.175,108.2,108.145,108.2,12402,2021-01-21 15:48:00-05:00
529,529,108.19,108.28,108.18,108.21,12316,2021-01-21 15:49:00-05:00
530,530,108.2,108.27,108.13,108.265,15836,2021-01-21 15:50:00-05:00
531,531,108.25,108.29,108.22,108.29,188348,2021-01-21 15:51:00-05:00
532,532,108.28,108.36,108.21,108.22,9242,2021-01-21 15:52:00-05:00
533,533,108.22,108.24,108.12,108.19,16829,2021-01-21 15:53:00-05:00
534,534,108.1899,108.53,108.185,108.495,34840,2021-01-21 15:54:00-05:00
535,535,108.5,108.87,108.37,108.87,56123,2021-01-21 15:55:00-05:00
536,536,108.84,108.88,108.7322,108.78,58754,2021-01-21 15:56:00-05:00
537,537,108.79,108.82,108.53,108.64,60820,2021-01-21 15:57:00-05:00
538,538,108.64,108.66,108.58,108.65,54696,2021-01-21 15:58:00-05:00
539,539,108.65,108.67,108.47,108.55,146670,2021-01-21 15:59:00-05:00